use filmsphere;
INSERT INTO Audio (CodAudio, Formato, IndiceQualita)
VALUES
    ('AUD12345678901234', 'Dolby Digital', 5),
    ('AUD98765432109876', 'DTS-HD Master Audio', 4),
    ('AUD45678901234567', 'PCM', 5),
    ('AUD34567890123456', 'Dolby Atmos', 4),
    ('AUD56789012345678', 'AAC', 3),
    ('AUD78901234567890', 'FLAC', 5);


INSERT INTO Video (CodVideo, Risoluzione, Bitrate, Rapporto)
VALUES
    ('VID12345678901234', '1920x1080', 8000, '16:9'),
    ('VID98765432109876', '3840x2160', 12000, '16:9'),
    ('VID45678901234567', '1280x720', 4500, '16:9'),
    ('VID78901234567890', '3840x2160', 15000, '2.35:1'),
    ('VID12309876543210', '1920x1080', 5000, '4:3'),
    ('VID21098765432109', '1280x720', 3000, '4:3');
    
INSERT INTO RestrizioneVideo (CodVideo, IpStato)
VALUES
    ('VID12345678901234', 11110000),
    ('VID98765432109876', 11110000),
    ('VID45678901234567', 22220000),
    ('VID12309876543210', 22220000),
    ('VID12345678901234', 33330000),
    ('VID98765432109876', 33330000),
    ('VID78901234567890', 44440000),
    ('VID98765432109876', 44440000),
    ('VID12309876543210', 55550000),
    ('VID45678901234567', 55550000),
    ('VID45678901234567', 66660000),
    ('VID78901234567890', 66660000),
    ('VID12345678901234', 77770000),
    ('VID98765432109876', 77770000),
    ('VID12345678901234', 88880000),
    ('VID98765432109876', 88880000),
    ('VID12345678901234', 99990000),
    ('VID78901234567890', 99990000),
    ('VID12345678901234', 12120000),
    ('VID21098765432109', 12120000);
    
INSERT INTO RestrizioneAudio (CodAudio, IpStato)
VALUES
    ('AUD12345678901234', 11110000),
    ('AUD98765432109876', 11110000),
    ('AUD45678901234567', 22220000),
    ('AUD34567890123456', 22220000),
    ('AUD12345678901234', 33330000),
    ('AUD98765432109876', 33330000),
    ('AUD78901234567890', 44440000),
    ('AUD98765432109876', 44440000),
    ('AUD34567890123456', 55550000),
    ('AUD45678901234567', 55550000),
    ('AUD45678901234567', 66660000),
    ('AUD78901234567890', 66660000),
    ('AUD12345678901234', 77770000),
    ('AUD98765432109876', 77770000),
    ('AUD12345678901234', 88880000),
    ('AUD98765432109876', 88880000),
    ('AUD12345678901234', 99990000),
    ('AUD78901234567890', 99990000),
    ('AUD12345678901234', 12120000),
    ('AUD56789012345678', 12120000);


INSERT INTO Formato (Identificatore, CodAudio, CodVideo, DataDiRilascio, Dimensione)
VALUES
    (1, 'AUD12345678901234', 'VID12345678901234', '1959-01-01', 1.75), -- Esempio con dimensione in GB < 2
    (1, 'AUD45678901234567', 'VID45678901234567', '1959-01-01', 2.1),  -- Esempio con dimensione in GB > 2
    (1, 'AUD56789012345678', 'VID21098765432109', '1959-01-01', 0.601), -- Esempio con dimensione in megabit > 0.600
    (2, 'AUD98765432109876', 'VID98765432109876', '1958-01-01', 1.95),
    (2, 'AUD34567890123456', 'VID78901234567890', '1958-01-01', 0.85),
    (2, 'AUD78901234567890', 'VID21098765432109', '1958-01-01', 2.3),
    (3, 'AUD12345678901234', 'VID21098765432109', '1983-01-01', 1.2),
    (3, 'AUD98765432109876', 'VID12309876543210', '1983-01-01', 3.0),
    (3, 'AUD45678901234567', 'VID78901234567890', '1983-01-01', 0.75),
    (4, 'AUD34567890123456', 'VID98765432109876', '1979-01-01', 2.5),
    (4, 'AUD56789012345678', 'VID12309876543210', '1979-01-01', 1.05),
    (4, 'AUD78901234567890', 'VID21098765432109', '1979-01-01', 1.8),
    (5, 'AUD12345678901234', 'VID12345678901234', '2007-12-26', 1.6),
    (5, 'AUD45678901234567', 'VID45678901234567', '2007-12-26', 2.8),
    (5, 'AUD56789012345678', 'VID21098765432109', '2007-12-26', 0.95),
    (6, 'AUD98765432109876', 'VID98765432109876', '2000-09-29', 1.2),
    (6, 'AUD34567890123456', 'VID78901234567890', '2000-09-29', 2.4),
    (6, 'AUD78901234567890', 'VID21098765432109', '2000-09-29', 0.7),
    (7, 'AUD12345678901234', 'VID12345678901234', '1994-09-14', 1.8),
    (7, 'AUD45678901234567', 'VID45678901234567', '1994-09-14', 2.6),
    (7, 'AUD56789012345678', 'VID21098765432109', '1994-09-14', 0.63),
    (8, 'AUD34567890123456', 'VID98765432109876', '1979-05-13', 1.9),
    (8, 'AUD56789012345678', 'VID12309876543210', '1979-05-13', 2.2),
    (8, 'AUD78901234567890', 'VID21098765432109', '1979-05-13', 0.59),
    (9, 'AUD12345678901234', 'VID12345678901234', '2007-11-21', 1.4),
    (9, 'AUD98765432109876', 'VID98765432109876', '2007-11-21', 2.1),
    (9, 'AUD45678901234567', 'VID78901234567890', '2007-11-21', 0.45),
    (10, 'AUD98765432109876', 'VID98765432109876', '1976-02-08', 2.3),
    (10, 'AUD34567890123456', 'VID78901234567890', '1976-02-08', 1.15),
    (10, 'AUD78901234567890', 'VID21098765432109', '1976-02-08', 0.78),
    (11, 'AUD12345678901234', 'VID12345678901234', '1966-10-18', 1.9),
    (11, 'AUD45678901234567', 'VID45678901234567', '1966-10-18', 1.25),
    (11, 'AUD56789012345678', 'VID21098765432109', '1966-10-18', 2.05),
    (12, 'AUD34567890123456', 'VID98765432109876', '1968-02-19', 2.6),
    (12, 'AUD56789012345678', 'VID12309876543210', '1968-02-19', 0.7),
    (12, 'AUD78901234567890', 'VID21098765432109', '1968-02-19', 1.35),
    (13, 'AUD12345678901234', 'VID12345678901234', '1975-03-07', 1.1),
    (13, 'AUD45678901234567', 'VID45678901234567', '1975-03-07', 2.9),
    (13, 'AUD56789012345678', 'VID21098765432109', '1975-03-07', 0.88),
    (14, 'AUD34567890123456', 'VID98765432109876', '1982-06-25', 1.75),
    (14, 'AUD56789012345678', 'VID12309876543210', '1982-06-25', 2.3),
    (14, 'AUD78901234567890', 'VID21098765432109', '1982-06-25', 0.68),
    (15, 'AUD12345678901234', 'VID12345678901234', '1941-05-01', 1.3),
    (15, 'AUD45678901234567', 'VID45678901234567', '1941-05-01', 2.4),
    (15, 'AUD56789012345678', 'VID21098765432109', '1941-05-01', 0.77),
    (16, 'AUD34567890123456', 'VID98765432109876', '1999-03-19', 1.8),
    (16, 'AUD56789012345678', 'VID12309876543210', '1999-03-19', 2.1),
    (16, 'AUD78901234567890', 'VID21098765432109', '1999-03-19', 0.62),
    (17, 'AUD12345678901234', 'VID12345678901234', '2010-09-17', 1.7),
    (17, 'AUD45678901234567', 'VID45678901234567', '2010-09-17', 2.2),
    (17, 'AUD56789012345678', 'VID21098765432109', '2010-09-17', 0.58),
    (18, 'AUD34567890123456', 'VID98765432109876', '2019-05-21', 1.6),
    (18, 'AUD56789012345678', 'VID12309876543210', '2019-05-21', 2.7),
    (18, 'AUD78901234567890', 'VID21098765432109', '2019-05-21', 0.95),
    (19, 'AUD12345678901234', 'VID12345678901234', '2003-05-02', 1.4),
    (19, 'AUD45678901234567', 'VID45678901234567', '2003-05-02', 2.9),
    (19, 'AUD56789012345678', 'VID21098765432109', '2003-05-02', 0.75),
    (20, 'AUD34567890123456', 'VID98765432109876', '1966-12-23', 1.9),
    (20, 'AUD56789012345678', 'VID12309876543210', '1966-12-23', 1.2),
    (20, 'AUD78901234567890', 'VID21098765432109', '1966-12-23', 2.1),
    (21, 'AUD12345678901234', 'VID12345678901234', '1963-02-14', 1.5),
    (21, 'AUD45678901234567', 'VID45678901234567', '1963-02-14', 2.8),
    (21, 'AUD56789012345678', 'VID21098765432109', '1963-02-14', 0.68),
    (22, 'AUD98765432109876', 'VID98765432109876', '1971-12-19', 2.2),
    (22, 'AUD34567890123456', 'VID45678901234567', '1971-12-19', 1.4),
    (22, 'AUD78901234567890', 'VID21098765432109', '1971-12-19', 0.89),
    (23, 'AUD12345678901234', 'VID12345678901234', '1975-12-18', 1.6),
    (23, 'AUD45678901234567', 'VID45678901234567', '1975-12-18', 2.3),
    (23, 'AUD56789012345678', 'VID21098765432109', '1975-12-18', 0.75),
    (24, 'AUD34567890123456', 'VID98765432109876', '1975-12-18', 1.8),
    (24, 'AUD56789012345678', 'VID45678901234567', '1975-12-18', 2.6),
    (24, 'AUD78901234567890', 'VID21098765432109', '1975-12-18', 0.68);



INSERT INTO Codec (NomeCodec, TipoCodec, DataDistribuzione)
VALUES
    ('AAC', 'Audio', '2020-01-15'),
    ('MP3', 'Audio', '2000-05-20'),
    ('Dolby Digital', 'Audio', '1992-03-10'),    
    ('DTS', 'Audio', '1993-12-05'),
    ('FLAC', 'Audio', '2001-08-30'),
    ('AC-3', 'Audio', '1992-05-12');
    
    
INSERT INTO Codec (NomeCodec, TipoCodec, DataDistribuzione)
VALUES
    ('H.264', 'Video', '2003-07-15'),
    ('VP9', 'Video', '2013-09-12'),
    ('H.265', 'Video', '2013-03-23'),
    ('MPEG-2', 'Video', '1995-11-30');

-- Inserimenti nella tabella VersioneVideo
INSERT INTO VersioneVideo (NomeCodec, DataDistribuzione, CodVideo)
VALUES
    ('H.264', '2003-07-15', 'VID12345678901234'),
    ('VP9', '2013-09-12', 'VID98765432109876'),
    ('H.265', '2013-03-23', 'VID45678901234567'),
    ('MPEG-2', '1995-11-30', 'VID78901234567890'),
    ('H.264', '2003-07-15', 'VID12309876543210'),
    ('VP9', '2013-09-12', 'VID21098765432109'),
    ('H.265', '2013-03-23', 'VID12345678901234'),
    ('MPEG-2', '1995-11-30', 'VID98765432109876');

-- Inserimenti nella tabella VersioneAudio
INSERT INTO VersioneAudio (NomeCodec, DataDistribuzione, CodAudio)
VALUES
    ('AAC', '2020-01-15', 'AUD12345678901234'),
    ('MP3', '2000-05-20', 'AUD98765432109876'),
    ('Dolby Digital', '1992-03-10', 'AUD12345678901234'),
    ('DTS', '1993-12-05', 'AUD98765432109876'),
    ('FLAC', '2001-08-30', 'AUD78901234567890'),
    ('AC-3', '1992-05-12', 'AUD12345678901234');


INSERT INTO Lingua (NomeLingua)
VALUES
    ('English'),
    ('Spanish'),
    ('French'),
    ('Swiss'),
    ('Italian'),
    ('Portuguese'),
    ('Russian'),
    ('Chinese'),
    ('Korean');
    
-- Inserimento dei dati nella tabella LinguaFilm
INSERT INTO Doppiaggio (Identificatore, NomeLingua)
VALUES
    (1, 'Italian'), (1, 'English'),
    (2, 'French'), (2, 'English'),
    (3, 'English'),
    (4, 'English'),
    (5, 'English'),
    (6, 'Chinese'), (6, 'English'),
    (7, 'Chinese'), (7, 'English'),
    (8, 'Russian'), (8, 'English'),
    (9, 'English'),
    (10, 'English'),
    (11, 'Swedish'), (11, 'English'),
    (12, 'Swedish'), (12, 'English'),
    (13, 'Russian'), (13, 'English'),
    (14, 'English'),
    (15, 'English'),
    (16, 'English'),
    (17, 'Spanish'),
    (18, 'French'), (18, 'English'),
    (19, 'Korean'), (19, 'English'),
    (20, 'Korean'), (20, 'English'),
    (21, 'Italian'), (21, 'English'),
    (22, 'Italian'), (22, 'English'),
    (23, 'English'),
    (24, 'English'),
    (25, 'English');

    
  -- Inserimento delle lingue per ciascun film (4 lingue in coppia)
INSERT INTO Sottotitolo (Identificatore, NomeLingua)
VALUES
    (1, 'Italian'), (1, 'English'), (1, 'Spanish'), (1, 'French'),
    (2, 'French'), (2, 'English'), (2, 'Spanish'), (2, 'Swiss'),
    (3, 'English'), (3, 'Italian'), (3, 'Portuguese'), (3, 'Russian'),
    (4, 'English'), (4, 'Portuguese'), (4, 'Russian'), (4, 'Chinese'),
    (5, 'English'), (5, 'Russian'), (5, 'Chinese'), (5, 'Korean'),
    (6, 'Chinese'), (6, 'English'), (6, 'Korean'), (6, 'Swiss'),
    (7, 'Chinese'), (7, 'English'), (7, 'Korean'), (7, 'Italian'),
    (8, 'Russian'), (8, 'English'), (8, 'Spanish'), (8, 'French'),
    (9, 'English'), (9, 'Italian'), (9, 'Portuguese'), (9, 'Chinese'),
    (10, 'English'), (10, 'Swiss'), (10, 'Russian'), (10, 'Spanish'),
    (11, 'Swedish'), (11, 'English'), (11, 'Italian'), (11, 'Portuguese'),
    (12, 'Swedish'), (12, 'English'), (12, 'Portuguese'), (12, 'Russian'),
    (13, 'Russian'), (13, 'English'), (13, 'Chinese'), (13, 'Korean'),
    (14, 'English'), (14, 'Chinese'), (14, 'Russian'), (14, 'Portuguese'),
    (15, 'English'), (15, 'Spanish'), (15, 'Italian'), (15, 'Portuguese'),
    (16, 'English'), (16, 'French'), (16, 'Russian'), (16, 'Italian'),
    (17, 'Spanish'), (17, 'French'), (17, 'Russian'), (17, 'Chinese'),
    (18, 'French'), (18, 'English'), (18, 'Korean'), (18, 'Swiss'),
    (19, 'Korean'), (19, 'English'), (19, 'Chinese'), (19, 'Russian'),
    (20, 'Korean'), (20, 'English'), (20, 'Swiss'), (20, 'Spanish'),
    (21, 'Italian'), (21, 'English'), (21, 'Portuguese'), (21, 'Russian'),
    (22, 'Italian'), (22, 'English'), (22, 'Chinese'), (22, 'Korean'),
    (23, 'English'), (23, 'Swiss'), (23, 'Spanish'), (23, 'Russian'),
    (24, 'English'), (24, 'Russian'), (24, 'Italian'), (24, 'Portuguese'),
    (25, 'English'), (25, 'Chinese'), (25, 'Korean'), (25, 'French');
  
INSERT INTO Stato (IpStato, NomeStato)
VALUES
    (11110000, 'Italy'),
    (22220000, 'France'),
    (33330000, 'United States'),
    (44440000, 'China'),
    (55550000, 'Russia'),
    (66660000, 'Sweden'),
    (77770000, 'Spain'),
    (88880000, 'Canada'),
    (99990000, 'South Korea'),
    (12120000, 'United Kingdom');
    
    
INSERT INTO Giudizio (IdCritico, Identificatore, DataRecensione, Voto)
VALUES
	-- Recensioni per il film 'La Dolce Vita'

    ('CC456789012345678', 1, '1961-02-10', 7),
    ('CC234567890123456', 1, '1961-02-15', 8),
    ('CC567890123456789', 1, '1961-02-17', 5),
    ('CC789012345678901', 1, '1961-02-20', 6),
    ('CC123098765432109', 1, '1961-02-22', 2),
    
    -- Recensioni per il film 'I 400 Colpi'
    ('CC567890123456789', 2, '1959-05-02', 7),
    ('CC789012345678901', 2, '1959-05-04', 8),
    ('CC123098765432109', 2, '1959-05-06', 4),
    ('CC654321098765432', 2, '1959-05-08', 5),
    ('CC890123456789012', 2, '1959-05-10', 2),
    
    -- Recensioni per il film 'Once Upon a Time in America'
    ('CC123098765432109', 3, '1984-06-15', 9),
    ('CC654321098765432', 3, '1984-06-18', 7),
    ('CC345678901234567', 3, '1984-06-20', 6),
    ('CC567890123456789', 3, '1984-06-23', 4),
    ('CC456789012345678', 3, '1984-06-25', 2),
    
    -- Recensioni per il film 'Apocalypse Now'
    ('CC123456789012345', 4, '1979-08-20', 8),
    ('CC987654321098765', 4, '1979-08-22', 9),
    ('CC456789012345678', 4, '1979-08-24', 5),
    ('CC789012345678901', 4, '1979-08-26', 4),
    ('CC345678901234567', 4, '1979-08-28', 2),
    
    -- Recensioni per il film 'There Will Be Blood'
    ('CC345678901234567', 5, '2007-12-30', 8),
    ('CC567890123456789', 5, '2008-01-04', 9),
    ('CC789012345678901', 5, '2008-01-06', 4),
    ('CC234567890123456', 5, '2008-01-09', 5),
    ('CC456789012345678', 5, '2008-01-11', 2),
    
    -- Recensioni per il film 'In the Mood for Love'
    ('CC789012345678901', 6, '2000-10-01', 9),
    ('CC234567890123456', 6, '2000-10-05', 8),
    ('CC890123456789012', 6, '2000-10-07', 4),
    ('CC123098765432109', 6, '2000-10-09', 5),
    ('CC567890123456789', 6, '2000-10-11', 2),
    
    -- Recensioni per il film 'Chungking Express'
    ('CC890123456789012', 7, '1994-09-20', 8),
    ('CC123098765432109', 7, '1994-09-25', 7),
    ('CC567890123456789', 7, '1994-09-27', 6),
    ('CC234567890123456', 7, '1994-09-29', 5),
    ('CC456789012345678', 7, '1994-10-01', 2),
    
    -- Recensioni per il film 'Stalker'
    ('CC654321098765432', 8, '1980-05-10', 7),
    ('CC123456789012345', 8, '1980-05-15', 8),
    ('CC890123456789012', 8, '1980-05-17', 4),
    ('CC987654321098765', 8, '1980-05-19', 5),
    ('CC345678901234567', 8, '1980-05-21', 2),
    
    -- Recensioni per il film 'No Country for Old Men'
    ('CC987654321098765', 9, '2007-11-25', 9),
    ('CC456789012345678', 9, '2007-11-30', 8),
    ('CC345678901234567', 9, '2007-12-02', 4),
    ('CC567890123456789', 9, '2007-12-04', 5),
    ('CC890123456789012', 9, '2007-12-06', 2),
    
    -- Recensioni per il film 'Taxi Driver'
    ('CC345678901234567', 10, '1976-02-10', 8),
    ('CC567890123456789', 10, '1976-02-13', 7),
    ('CC789012345678901', 10, '1976-02-15', 5),
    ('CC234567890123456', 10, '1976-02-17', 4),
    ('CC456789012345678', 10, '1976-02-19', 2),
    
    -- Recensioni per il film 'Persona'
    ('CC789012345678901', 11, '1966-10-22', 9),
    ('CC234567890123456', 11, '1966-10-25', 8),
    ('CC890123456789012', 11, '1966-10-27', 4),
    ('CC123098765432109', 11, '1966-10-29', 5),
    ('CC567890123456789', 11, '1966-10-31', 2),
    
    -- Recensioni per il film 'L'Ora del Lupo'
    ('CC123098765432109', 12, '1968-03-30', 7),
    ('CC654321098765432', 12, '1968-04-02', 8),
    ('CC345678901234567', 12, '1968-04-05', 5),
    ('CC567890123456789', 12, '1968-04-07', 4),
    ('CC890123456789012', 12, '1968-04-09', 2),
    
    -- Recensioni per il film 'Lo Specchio'
    ('CC890123456789012', 13, '1979-05-15', 8),
    ('CC123456789012345', 13, '1979-05-20', 7),
    ('CC567890123456789', 13, '1979-05-25', 5),
    ('CC789012345678901', 13, '1979-05-27', 4),
    ('CC234567890123456', 13, '1979-05-29', 2),
    
    -- Recensioni per il film 'The Thing'
    ('CC234567890123456', 14, '1982-07-20', 7),
    ('CC890123456789012', 14, '1982-07-25', 8),
    ('CC123098765432109', 14, '1982-07-27', 4),
    ('CC654321098765432', 14, '1982-07-29', 5),
    ('CC567890123456789', 14, '1982-07-31', 2),
    
    -- Recensioni per il film 'Citizen Kane'
    ('CC123098765432109', 15, '1942-05-05', 9),
    ('CC654321098765432', 15, '1942-05-10', 8),
    ('CC567890123456789', 15, '1942-05-12', 5),
    ('CC789012345678901', 15, '1942-05-14', 4),
    ('CC456789012345678', 15, '1942-05-16', 2),
    
    -- Recensioni per il film 'The Manster'
    ('CC123456789012345', 16, '2018-01-10', 8),
    ('CC987654321098765', 16, '2018-01-15', 7),
    ('CC456789012345678', 16, '2018-01-17', 5),
    ('CC789012345678901', 16, '2018-01-19', 4),
    ('CC345678901234567', 16, '2018-01-21', 2),
    
    -- Recensioni per il film 'Todo Sobre Mi Madre'
    ('CC456789012345678', 17, '1999-03-15', 9),
    ('CC345678901234567', 17, '1999-03-20', 8),
    ('CC123456789012345', 17, '1999-03-25', 5),
    ('CC567890123456789', 17, '1999-03-27', 4),
    ('CC789012345678901', 17, '1999-03-29', 2),
    
    -- Recensioni per il film 'Incendies'
    ('CC567890123456789', 18, '2010-09-22', 7),
    ('CC789012345678901', 18, '2010-09-27', 8),
    ('CC234567890123456', 18, '2010-09-29', 5),
    ('CC890123456789012', 18, '2010-10-01', 4),
    ('CC456789012345678', 18, '2010-10-03', 2),
    
    -- Recensioni per il film 'Parasite'
    ('CC234567890123456', 19, '2019-05-10', 8),
    ('CC890123456789012', 19, '2019-05-15', 7),
    ('CC123456789012345', 19, '2019-05-20', 5),
    ('CC456789012345678', 19, '2019-05-25', 4),
    ('CC345678901234567', 19, '2019-05-27', 2),
    
    -- Recensioni per il film 'Memories of Murder'
    ('CC123098765432109', 20, '2003-05-10', 9),
    ('CC654321098765432', 20, '2003-05-15', 7),
    ('CC789012345678901', 20, '2003-05-20', 5),
    ('CC234567890123456', 20, '2003-05-25', 4),
    ('CC567890123456789', 20, '2003-05-27', 2),
    
    -- Recensioni per il film 'Il Buono, Il Brutto, Il Cattivo'
    ('CC345678901234567', 21, '1967-01-10', 9),
    ('CC567890123456789', 21, '1967-01-13', 8),
    ('CC789012345678901', 21, '1967-01-15', 5),
    ('CC890123456789012', 21, '1967-01-17', 4),
    ('CC123098765432109', 21, '1967-01-19', 2),
    
    -- Recensioni per il film '8 1/2'
    ('CC789012345678901', 22, '1963-03-12', 8),
    ('CC234567890123456', 22, '1963-03-15', 7),
    ('CC890123456789012', 22, '1963-03-17', 4),
    ('CC123098765432109', 22, '1963-03-19', 5),
    ('CC567890123456789', 22, '1963-03-21', 2),
    
    -- Recensioni per il film 'A Clockwork Orange'
    ('CC890123456789012', 23, '1971-12-25', 7),
    ('CC123098765432109', 23, '1971-12-30', 8),
    ('CC234567890123456', 23, '1972-01-01', 5),
    ('CC456789012345678', 23, '1972-01-03', 4),
    ('CC567890123456789', 23, '1972-01-05', 2),
    
    -- Recensioni per il film 'Barry Lyndon'
    ('CC654321098765432', 24, '1975-12-30', 8),
    ('CC123456789012345', 24, '1976-01-02', 9),
    ('CC567890123456789', 24, '1976-01-05', 5),
    ('CC789012345678901', 24, '1976-01-07', 4),
    ('CC234567890123456', 24, '1976-01-09', 2),
    
    -- Recensioni per il film '2001: A Space Odyssey'
    ('CC234567890123456', 25, '1968-05-30', 9),
    ('CC890123456789012', 25, '1968-06-02', 7),
    ('CC123098765432109', 25, '1968-06-05', 4),
    ('CC567890123456789', 25, '1968-06-07', 5),
    ('CC456789012345678', 25, '1968-06-09', 2);

INSERT INTO Critico (IdCritico, Nome, Cognome)
VALUES
    ('CC123456789012345', 'John', 'Smith'),
    ('CC987654321098765', 'Emily', 'Davis'),
    ('CC456789012345678', 'Michael', 'Johnson'),
    ('CC345678901234567', 'Sarah', 'Wilson'),
    ('CC567890123456789', 'David', 'Brown'),
    ('CC789012345678901', 'Laura', 'Lee'),
    ('CC234567890123456', 'Daniel', 'Turner'),
    ('CC890123456789012', 'Jennifer', 'Hall'),
    ('CC123098765432109', 'Robert', 'Clark'),
    ('CC654321098765432', 'Patricia', 'Adams');

